category,source_split,defect_type,image_count,mask_count,component_count,masks_vanished_after_resize,image_size,area_min_px,area_min_pct,area_median_px,area_median_pct,area_max_px,area_max_pct
capsule,test,crack,23,23,23,0,512,101.0,0.0385284423828125,809.0,0.3086090087890625,6116.0,2.33306884765625
capsule,test,faulty_imprint,22,22,22,0,512,371.0,0.1415252685546875,730.5,0.27866363525390625,10821.0,4.1278839111328125
capsule,test,good,23,0,0,0,512,,,,,,
capsule,test,poke,21,21,22,0,512,172.0,0.06561279296875,536.0,0.2044677734375,3241.0,1.2363433837890625
capsule,test,scratch,23,23,27,0,512,112.0,0.042724609375,1520.0,0.579833984375,4005.0,1.5277862548828125
capsule,test,squeeze,20,20,24,0,512,1.0,0.0003814697265625,4400.0,1.678466796875,21137.0,8.063125610351562
capsule,train,good,219,0,0,0,512,,,,,,
hazelnut,test,crack,18,18,26,0,512,1.0,0.0003814697265625,5727.5,2.1848678588867188,72531.0,27.668380737304688
hazelnut,test,cut,17,17,23,0,512,102.0,0.038909912109375,1659.0,0.6328582763671875,5308.0,2.02484130859375
hazelnut,test,good,40,0,0,0,512,,,,,,
hazelnut,test,hole,18,18,24,0,512,2.0,0.000762939453125,2242.5,0.8554458618164062,7721.0,2.9453277587890625
hazelnut,test,print,17,17,62,0,512,6.0,0.002288818359375,541.5,0.20656585693359375,12664.0,4.8309326171875
hazelnut,train,good,391,0,0,0,512,,,,,,
metal_nut,test,bent,25,25,35,0,512,70.0,0.026702880859375,4363.0,1.6643524169921875,8615.0,3.2863616943359375
metal_nut,test,color,22,22,30,0,512,54.0,0.020599365234375,3414.0,1.302337646484375,17198.0,6.560516357421875
metal_nut,test,flip,23,23,23,0,512,125434.0,47.849273681640625,126268.0,48.16741943359375,127709.0,48.71711730957031
metal_nut,test,good,22,0,0,0,512,,,,,,
metal_nut,test,scratch,23,23,43,0,512,451.0,0.1720428466796875,5649.0,2.1549224853515625,30806.0,11.751556396484375
metal_nut,train,good,220,0,0,0,512,,,,,,
tile,test,crack,17,17,17,0,512,2220.0,0.84686279296875,5493.0,2.0954132080078125,9508.0,3.62701416015625
tile,test,glue_strip,18,18,18,0,512,5616.0,2.142333984375,24043.0,9.171676635742188,93022.0,35.485076904296875
tile,test,good,33,0,0,0,512,,,,,,
tile,test,gray_stroke,16,16,16,0,512,4715.0,1.7986297607421875,11131.5,4.246330261230469,18526.0,7.067108154296875
tile,test,oil,18,18,18,0,512,30619.0,11.680221557617188,36768.0,14.02587890625,61610.0,23.502349853515625
tile,test,rough,15,15,17,0,512,108.0,0.04119873046875,31614.0,12.059783935546875,87172.0,33.25347900390625
tile,train,good,230,0,0,0,512,,,,,,
wood,test,color,8,8,20,0,512,309.0,0.1178741455078125,1511.5,0.5765914916992188,14991.0,5.7186126708984375
wood,test,combined,11,11,44,0,512,17.0,0.0064849853515625,1192.0,0.4547119140625,30742.0,11.727142333984375
wood,test,good,19,0,0,0,512,,,,,,
wood,test,hole,10,10,28,0,512,182.0,0.069427490234375,553.0,0.2109527587890625,4513.0,1.7215728759765625
wood,test,liquid,10,10,21,0,512,442.0,0.168609619140625,3791.0,1.4461517333984375,26759.0,10.207748413085938
wood,test,scratch,21,21,55,0,512,385.0,0.1468658447265625,2663.0,1.0158538818359375,75047.0,28.628158569335938
wood,train,good,247,0,0,0,512,,,,,,
